skills_list,count
SQL,5385
Python,4625
Data Analysis,4579
Communication,3315
Data Visualization,3082
Project Management,2841
Machine Learning,2671
Tableau,2496
Business Analysis,2278
Analytical Skills,1936
Problem Solving,1868
Communication Skills,1862
R,1821
Data Science,1788
Business Intelligence,1644
Data Analytics,1606
Teamwork,1516
Power BI,1442
Data Engineering,1371
Collaboration,1328
Agile,1325
Data Modeling,1314
AWS,1314
Excel,1311
Reporting,1307
Data Mining,1290
Java,1288
Statistics,1276
Data Warehousing,1249
Problemsolving,1226
